country,year,region,GDP per capita usd,population,suicides/100k pop,HDI for year
Antigua and Barbuda,2012,LATIN AMER. & CARIB    ,13657,88703,0.0,9.371999999999998
Antigua and Barbuda,2013,LATIN AMER. & CARIB    ,13287,89779,0.0,9.371999999999998
Antigua and Barbuda,2014,LATIN AMER. & CARIB    ,14093,90837,0.0,9.395999999999997
Antigua and Barbuda,2015,LATIN AMER. & CARIB    ,14853,91889,1.0882695426003113,0.0
Argentina,2011,LATIN AMER. & CARIB    ,13946,38015739,7.659985249793514,9.815999999999997
Argentina,2012,LATIN AMER. & CARIB    ,14203,38441778,8.449140932034933,9.971999999999996
Argentina,2013,LATIN AMER. & CARIB    ,14206,38859125,7.6867402444084885,9.996
Argentina,2014,LATIN AMER. & CARIB    ,13400,39276555,8.22628155651635,10.032000000000002
Argentina,2015,LATIN AMER. & CARIB    ,14981,39699624,7.740627467907504,0.0
Armenia,2011,CENTRAL ASIA,3798,2670366,2.5090193628888326,8.676
Armenia,2012,CENTRAL ASIA,3773,2814300,2.8070923497850266,8.735999999999999
Armenia,2013,CENTRAL ASIA,3957,2810664,2.383778352730885,8.772
Armenia,2014,CENTRAL ASIA,4142,2803029,2.069190151082989,8.796
Armenia,2015,CENTRAL ASIA,3775,2795335,2.647267679902409,0.0
Armenia,2016,CENTRAL ASIA,3788,2400033,2.7916282817777924,0.0
Aruba,2011,LATIN AMER. & CARIB    ,27066,95488,9.425268096514746,0.0
Australia,2011,OCEANIA                            ,66770,20881910,11.45489086007937,11.159999999999998
Australia,2012,OCEANIA                            ,72669,21238909,12.147516616790439,11.184000000000003
Australia,2013,OCEANIA                            ,72856,21600180,12.073973457628593,11.196
Australia,2014,OCEANIA                            ,66809,21927587,13.184305231578831,11.220000000000004
Australia,2015,OCEANIA                            ,60656,22240785,13.610131117224505,0.0
Austria,2011,WESTERN EUROPE                     ,53923,7995146,16.109774605742036,10.572000000000001
Austria,2012,WESTERN EUROPE                     ,50979,8031276,15.88788630847701,10.608000000000002
Austria,2013,WESTERN EUROPE                     ,53229,8079615,15.978484123315283,10.608000000000002
Austria,2014,WESTERN EUROPE                     ,54278,8141165,16.14019615128793,10.62
Austria,2015,WESTERN EUROPE                     ,46484,8219386,15.220114981824675,0.0
Austria,2016,WESTERN EUROPE                     ,46976,7484629,16.046219525376607,0.0
Bahamas,2011,LATIN AMER. & CARIB    ,29761,338383,1.1820924810052515,9.336000000000002
Bahamas,2012,LATIN AMER. & CARIB    ,31204,343558,1.4553583383300637,9.395999999999997
Bahamas,2013,LATIN AMER. & CARIB    ,30455,348959,1.4328330835427658,9.431999999999997
Bahrain,2011,MIDDLE EAST,26078,1103462,1.6312297115804621,9.804
Bahrain,2012,MIDDLE EAST,25587,1201778,1.580990831917376,9.828000000000003
Bahrain,2013,MIDDLE EAST,26793,1214492,0.41169476620677614,9.851999999999999
Bahrain,2014,MIDDLE EAST,27503,1213966,0.7413716693877752,9.888
Barbados,2011,LATIN AMER. & CARIB    ,17708,263203,0.0,9.431999999999997
Barbados,2012,LATIN AMER. & CARIB    ,17620,264270,0.0,9.516
Barbados,2013,LATIN AMER. & CARIB    ,17395,265165,0.0,9.42
Belarus,2011,EASTERN EUROPE                     ,6902,8947320,24.27542549053795,9.516
Belarus,2013,EASTERN EUROPE                     ,8477,8910240,21.346226364273015,9.552
Belarus,2014,EASTERN EUROPE                     ,8849,8906977,19.546474634435455,9.575999999999999
Belgium,2011,WESTERN EUROPE                     ,50893,10355126,20.16392654227481,10.631999999999998
Belgium,2012,WESTERN EUROPE                     ,47678,10442637,19.40122978515867,10.668
Belgium,2013,WESTERN EUROPE                     ,49489,10526149,18.002785254132352,10.656
Belgium,2014,WESTERN EUROPE                     ,50173,10578848,17.950914882225362,10.680000000000001
Belgium,2015,WESTERN EUROPE                     ,42830,10624356,17.57282982610899,0.0
Belize,2011,LATIN AMER. & CARIB    ,5098,291662,11.314466745753647,8.532000000000002
Belize,2012,LATIN AMER. & CARIB    ,5264,298946,6.021154322185278,8.592
Belize,2013,LATIN AMER. & CARIB    ,5272,305888,5.557589706036196,8.58
Belize,2014,LATIN AMER. & CARIB    ,5448,312780,7.673124880107423,8.58
Belize,2015,LATIN AMER. & CARIB    ,5561,319835,8.129191614426189,0.0
Bosnia and Herzegovina,2011,EASTERN EUROPE                     ,5076,3673312,0.13611694296591198,8.688
Bosnia and Herzegovina,2014,EASTERN EUROPE                     ,5079,3654169,8.5655589547172,8.796
Brazil,2011,LATIN AMER. & CARIB    ,14245,183656441,5.348029149710029,8.904
Brazil,2012,LATIN AMER. & CARIB    ,13283,185591215,5.5471375625187855,8.952000000000002
Brazil,2013,LATIN AMER. & CARIB    ,13191,187458852,5.608164078589364,9.024
Brazil,2014,LATIN AMER. & CARIB    ,12975,189285554,5.616382114400553,9.06
Brazil,2015,LATIN AMER. & CARIB    ,9431,191087085,5.8418390756235565,0.0
Bulgaria,2011,EASTERN EUROPE                     ,8137,7056527,10.812684483457655,9.300000000000002
Bulgaria,2012,EASTERN EUROPE                     ,7745,6959652,12.529362100288923,9.336000000000002
Bulgaria,2013,EASTERN EUROPE                     ,8057,6920644,10.418105598265132,9.348
Bulgaria,2014,EASTERN EUROPE                     ,8241,6883874,10.517333699018895,9.384
Cabo Verde,2011,SUB-SAHARAN AFRICA                 ,4124,452179,9.288357044444789,0.0
Canada,2011,NORTHERN AMERICA                   ,54841,32615418,11.430176979488659,10.908000000000001
Canada,2012,NORTHERN AMERICA                   ,55347,32961196,11.910975560474201,10.92
Canada,2013,NORTHERN AMERICA                   ,55310,33314836,12.168752684239537,10.944000000000003
Chile,2011,LATIN AMER. & CARIB    ,15854,15910783,12.739787853306778,9.851999999999999
Chile,2012,LATIN AMER. & CARIB    ,16617,16075247,11.45239012501643,9.924000000000001
Chile,2013,LATIN AMER. & CARIB    ,17140,16242244,10.700491877846435,9.959999999999999
Chile,2014,LATIN AMER. & CARIB    ,15883,16406867,10.903970879997992,9.984000000000002
Chile,2015,LATIN AMER. & CARIB    ,14729,16565725,11.095198067093351,0.0
Colombia,2011,LATIN AMER. & CARIB    ,7885,42538305,4.805080973489658,8.556
Colombia,2012,LATIN AMER. & CARIB    ,8586,43055864,4.9215131300117445,8.58
Colombia,2013,LATIN AMER. & CARIB    ,8731,43546298,4.748968557556832,8.616
Colombia,2014,LATIN AMER. & CARIB    ,8591,44021800,4.829425421041393,8.639999999999999
Colombia,2015,LATIN AMER. & CARIB    ,6552,44490427,5.241577025098006,0.0
Costa Rica,2011,LATIN AMER. & CARIB    ,9978,4235514,7.460723775201782,9.072000000000001
Costa Rica,2012,LATIN AMER. & CARIB    ,10832,4290210,7.039282459366791,9.132
Costa Rica,2013,LATIN AMER. & CARIB    ,11443,4347229,7.153982456410739,9.168000000000001
Costa Rica,2014,LATIN AMER. & CARIB    ,11485,4403674,6.085827425009208,9.191999999999998
Croatia,2011,EASTERN EUROPE                     ,14890,4189029,16.75806016143598,9.768
Croatia,2012,EASTERN EUROPE                     ,13952,4054296,19.140191046731665,9.804
Croatia,2013,EASTERN EUROPE                     ,14362,4044457,17.109836994187354,9.804
Croatia,2014,EASTERN EUROPE                     ,14299,4030452,17.913623583657614,9.815999999999997
Croatia,2015,EASTERN EUROPE                     ,12351,4001669,18.467294521360962,0.0
Croatia,2016,EASTERN EUROPE                     ,12905,3567043,19.147512379301286,0.0
Cuba,2011,LATIN AMER. & CARIB    ,6419,10748034,14.225857491704994,9.312
Cuba,2012,LATIN AMER. & CARIB    ,6791,10770535,13.880461834068596,9.264000000000001
Cuba,2013,LATIN AMER. & CARIB    ,7148,10792690,13.889030445607165,9.216
Cuba,2014,LATIN AMER. & CARIB    ,7459,10813411,13.437018161984223,9.228
Cuba,2015,LATIN AMER. & CARIB    ,8044,10832068,13.949321588453838,0.0
Cyprus,2011,MIDDLE EAST,34249,800820,3.7461601858095452,10.224000000000002
Cyprus,2012,MIDDLE EAST,30752,814305,4.420947924917568,10.224000000000002
Cyprus,2013,MIDDLE EAST,29624,813016,5.534946421718638,10.199999999999998
Cyprus,2014,MIDDLE EAST,29024,804818,5.467074543561401,10.199999999999998
Cyprus,2015,MIDDLE EAST,24718,796037,5.024892059037456,0.0
Cyprus,2016,MIDDLE EAST,25098,711344,5.060842574056996,0.0
Czech Republic,2011,EASTERN EUROPE                     ,23010,9906318,16.050363010757376,10.391999999999998
Czech Republic,2012,EASTERN EUROPE                     ,20898,9923127,16.708442812432008,10.404
Czech Republic,2013,EASTERN EUROPE                     ,21073,9936780,15.87033224042396,10.416000000000002
Czech Republic,2014,EASTERN EUROPE                     ,20859,9963127,14.94510709338544,10.439999999999998
Czech Republic,2015,EASTERN EUROPE                     ,18703,9989325,13.884822047535744,0.0
Czech Republic,2016,EASTERN EUROPE                     ,19505,8929942,14.759334383134853,0.0
Denmark,2011,NORDIC STATES,65598,5244150,11.231562789012518,11.040000000000001
Denmark,2012,NORDIC STATES,62071,5270539,12.541411798679416,11.051999999999998
Denmark,2013,NORDIC STATES,64831,5299698,11.510089820212396,11.075999999999999
Denmark,2014,NORDIC STATES,66114,5339166,11.780866150256426,11.075999999999999
Denmark,2015,NORDIC STATES,55972,5383060,10.477312160741288,0.0
Ecuador,2011,LATIN AMER. & CARIB    ,5836,13583553,6.758172916909147,8.676
Ecuador,2012,LATIN AMER. & CARIB    ,6364,13815861,7.064344379260909,8.724000000000002
Ecuador,2013,LATIN AMER. & CARIB    ,6769,14054613,4.809808708357889,8.760000000000002
Ecuador,2014,LATIN AMER. & CARIB    ,7116,14295145,5.134610386953053,8.784
Ecuador,2015,LATIN AMER. & CARIB    ,6832,14534024,7.382676676466201,0.0
El Salvador,2011,LATIN AMER. & CARIB    ,3631,5585785,8.682754527787948,7.895999999999997
El Salvador,2012,LATIN AMER. & CARIB    ,3806,5618823,9.112228664259401,7.944
El Salvador,2013,LATIN AMER. & CARIB    ,3885,5657250,8.555393521587344,7.967999999999999
El Salvador,2014,LATIN AMER. & CARIB    ,3965,5696329,6.7762939956593105,7.992000000000001
Estonia,2011,BALTICS                            ,18545,1249427,17.447998162357624,10.188
Estonia,2012,BALTICS                            ,18411,1251631,18.935293229394286,10.260000000000003
Estonia,2013,BALTICS                            ,20221,1243096,17.536859582847985,10.308000000000002
Estonia,2014,BALTICS                            ,21117,1241852,19.40649932520139,10.332
Estonia,2015,BALTICS                            ,18149,1243450,15.682174594877155,0.0
Fiji,2011,OCEANIA                            ,4862,776325,4.894857179660581,8.639999999999999
Fiji,2012,OCEANIA                            ,5073,782939,4.087163878667432,8.663999999999998
Finland,2011,NORDIC STATES,53809,5085985,17.93162976296627,10.572000000000001
Finland,2012,NORDIC STATES,50232,5110450,17.082644385523782,10.583999999999998
Finland,2013,NORDIC STATES,52572,5135433,17.27215601878167,10.583999999999998
Finland,2014,NORDIC STATES,52832,5159944,15.29086362177574,10.596
Finland,2015,NORDIC STATES,44862,5181797,14.107075209623225,0.0
France,2011,WESTERN EUROPE                     ,48217,59344643,17.53823003029945,10.608000000000002
France,2012,WESTERN EUROPE                     ,45002,59638457,16.336774105339448,10.631999999999998
France,2013,WESTERN EUROPE                     ,46922,59910069,16.024017598777927,10.644000000000004
France,2014,WESTERN EUROPE                     ,47318,60275954,14.733902013396586,10.656
Georgia,2011,CENTRAL ASIA,3435,4202600,2.3556845762147245,8.88
Georgia,2012,CENTRAL ASIA,3772,4200900,2.4756599776238426,8.964
Georgia,2013,CENTRAL ASIA,3850,4192600,3.7446930305776847,9.0
Georgia,2014,CENTRAL ASIA,4757,3470600,5.589811559960814,9.047999999999998
Georgia,2015,CENTRAL ASIA,4046,3458400,5.551700208188758,0.0
Germany,2011,WESTERN EUROPE                     ,47947,78371140,12.955024005010008,10.931999999999997
Germany,2012,WESTERN EUROPE                     ,45142,78508115,12.605066367979921,10.979999999999997
Germany,2013,WESTERN EUROPE                     ,48563,77270988,13.059235116807358,10.979999999999997
Germany,2014,WESTERN EUROPE                     ,50167,77552369,13.174323533559626,10.992000000000003
Germany,2015,WESTERN EUROPE                     ,43201,78136683,12.910709301545344,0.0
Greece,2011,WESTERN EUROPE                     ,26825,10728724,4.446008677266747,10.368000000000002
Greece,2012,WESTERN EUROPE                     ,23309,10539802,4.819824888551038,10.38
Greece,2013,WESTERN EUROPE                     ,22994,10431289,5.109627391207357,10.355999999999996
Greece,2014,WESTERN EUROPE                     ,22834,10380547,5.44287309714989,10.38
Greece,2015,WESTERN EUROPE                     ,18927,10331286,5.120369332530336,0.0
Grenada,2011,LATIN AMER. & CARIB    ,8188,95102,1.051502597211415,8.868
Grenada,2012,LATIN AMER. & CARIB    ,8382,95426,2.0958648586339153,8.88
Grenada,2013,LATIN AMER. & CARIB    ,8789,95876,0.0,8.904
Grenada,2014,LATIN AMER. & CARIB    ,9456,96393,0.0,9.0
Grenada,2015,LATIN AMER. & CARIB    ,10290,96892,0.0,0.0
Grenada,2016,LATIN AMER. & CARIB    ,10838,79012,0.0,0.0
Guatemala,2011,LATIN AMER. & CARIB    ,3661,13017342,2.7578594769961486,7.404
Guatemala,2012,LATIN AMER. & CARIB    ,3779,13335425,3.1495059212586023,7.487999999999999
Guatemala,2013,LATIN AMER. & CARIB    ,3947,13641878,3.335317908575344,7.512000000000001
Guatemala,2014,LATIN AMER. & CARIB    ,4210,13947190,3.6709903571973994,7.523999999999998
Guatemala,2015,LATIN AMER. & CARIB    ,4472,14258397,3.4646250907447733,0.0
Guyana,2011,LATIN AMER. & CARIB    ,3815,675283,28.432523845558084,7.56
Guyana,2012,LATIN AMER. & CARIB    ,4212,679356,30.32283515564741,7.547999999999998
Guyana,2013,LATIN AMER. & CARIB    ,4372,683867,30.707725332557352,7.608000000000001
Hungary,2011,EASTERN EUROPE                     ,14827,9495011,25.48706894599701,9.876000000000003
Hungary,2012,EASTERN EUROPE                     ,13525,9453181,24.848778416492816,9.876000000000003
Hungary,2013,EASTERN EUROPE                     ,14333,9433840,22.17548739431663,9.899999999999999
Hungary,2014,EASTERN EUROPE                     ,14886,9412788,20.45090147573705,9.936
Hungary,2015,EASTERN EUROPE                     ,13087,9389519,19.894522818474513,0.0
Hungary,2016,EASTERN EUROPE                     ,13448,8390370,20.98834735536097,0.0
Iceland,2011,NORDIC STATES,49861,295475,9.13782891953634,10.752000000000002
Iceland,2012,NORDIC STATES,48083,297238,12.447937343139166,10.764000000000001
Iceland,2013,NORDIC STATES,51749,300456,16.308544345927523,10.788000000000004
Iceland,2014,NORDIC STATES,56833,304472,14.451246748469483,10.788000000000004
Iceland,2015,NORDIC STATES,54909,308554,12.963695171671732,0.0
Iceland,2016,NORDIC STATES,64708,268773,14.882447269629019,0.0
Ireland,2011,WESTERN EUROPE                     ,56655,4218849,13.131543698293065,10.908000000000001
Ireland,2012,WESTERN EUROPE                     ,53443,4220806,12.841149297077383,10.92
Ireland,2013,WESTERN EUROPE                     ,56628,4227378,11.52014321879898,10.944000000000003
Ireland,2014,WESTERN EUROPE                     ,59634,4328043,11.229093611130942,10.992000000000003
Israel,2011,MIDDLE EAST,37528,6971495,5.866747376280124,10.656
Israel,2012,MIDDLE EAST,36263,7095360,6.060298561313309,10.680000000000001
Israel,2013,MIDDLE EAST,40477,7226008,5.148070691313931,10.716000000000001
Israel,2014,MIDDLE EAST,41869,7366252,5.185812269251717,10.728
Israel,2015,MIDDLE EAST,39793,7516180,4.5501837369514835,0.0
Italy,2011,WESTERN EUROPE                     ,40210,56610149,7.336140380058,10.475999999999999
Italy,2012,WESTERN EUROPE                     ,36497,56795085,7.495366896624946,10.464
Italy,2013,WESTERN EUROPE                     ,37050,57503331,7.460437378836367,10.475999999999999
Italy,2014,WESTERN EUROPE                     ,37035,58100676,7.137610584771854,10.475999999999999
Italy,2015,WESTERN EUROPE                     ,31537,58117697,6.8619374232946635,0.0
Jamaica,2011,LATIN AMER. & CARIB    ,5552,2601037,1.9223102170403572,8.724000000000002
Japan,2011,WESTERN ASIA,50919,120927000,23.78790509977094,10.631999999999998
Japan,2012,WESTERN ASIA,51379,120735000,21.814718184453554,10.656
Japan,2013,WESTERN ASIA,42781,120514000,21.566788920789286,10.680000000000001
Japan,2014,WESTERN ASIA,40328,120274000,20.251259623858854,10.691999999999998
Japan,2015,WESTERN ASIA,36510,120376310,19.1831764904573,0.0
Kazakhstan,2011,CENTRAL ASIA,12969,14853350,22.897191542648628,9.264000000000001
Kazakhstan,2012,CENTRAL ASIA,13845,15023549,21.566142593870463,9.336000000000002
Kazakhstan,2013,CENTRAL ASIA,15552,15215382,23.081904877577177,9.42
Kazakhstan,2014,CENTRAL ASIA,14351,15428844,20.215383602297102,9.456000000000001
Kazakhstan,2015,CENTRAL ASIA,11784,15646752,18.35524714650044,0.0
Kuwait,2011,MIDDLE EAST,46203,3333698,1.2298654527194726,9.744
Kuwait,2012,MIDDLE EAST,49781,3496698,1.6015109111510346,9.779999999999996
Kuwait,2013,MIDDLE EAST,48729,3574090,1.1471451474361307,9.792000000000002
Kuwait,2014,MIDDLE EAST,43774,3715284,1.8302773085449189,9.792000000000002
Kyrgyzstan,2011,CENTRAL ASIA,1273,4870538,9.670389595564187,7.668000000000002
Kyrgyzstan,2012,CENTRAL ASIA,1339,4932360,10.62371765240169,7.739999999999998
Kyrgyzstan,2013,CENTRAL ASIA,1463,5012200,8.89828817684849,7.824000000000001
Kyrgyzstan,2014,CENTRAL ASIA,1465,5096430,9.04554756957321,7.860000000000002
Kyrgyzstan,2015,CENTRAL ASIA,1285,5195827,8.0256713705056,0.0
Latvia,2011,BALTICS                            ,14447,1953611,22.52239570723138,9.744
Latvia,2012,BALTICS                            ,14558,1931521,22.98706563376738,9.756
Latvia,2013,BALTICS                            ,15820,1912464,20.026520760652225,9.792000000000002
Latvia,2014,BALTICS                            ,16544,1894041,20.16851799934637,9.828000000000003
Latvia,2015,BALTICS                            ,14382,1875522,20.634255423290156,0.0
Lithuania,2011,BALTICS                            ,15097,2879805,35.34961568578428,9.971999999999996
Lithuania,2012,BALTICS                            ,15099,2837770,32.6664951705036,9.996
Lithuania,2013,BALTICS                            ,16538,2806627,38.65850360592982,10.043999999999999
Lithuania,2014,BALTICS                            ,17442,2781577,33.43427127848699,10.068000000000003
Lithuania,2015,BALTICS                            ,15073,2753926,32.5353695052082,0.0
Lithuania,2016,BALTICS                            ,15742,2445296,33.61556228775576,0.0
Luxembourg,2011,WESTERN EUROPE                     ,122729,488918,11.249330153522678,10.656
Luxembourg,2012,WESTERN EUROPE                     ,113120,501044,10.178746776730186,10.656
Luxembourg,2013,WESTERN EUROPE                     ,120423,512689,7.8020008231110864,10.680000000000001
Luxembourg,2014,WESTERN EUROPE                     ,126352,524940,12.763363432011278,10.703999999999999
Luxembourg,2015,WESTERN EUROPE                     ,107456,537748,11.901485454153246,0.0
Maldives,2011,WESTERN ASIA,8135,341018,0.5864793060776851,8.279999999999998
Malta,2011,WESTERN EUROPE                     ,23984,396423,5.045115949377307,9.864
Malta,2012,WESTERN EUROPE                     ,23074,399138,6.263497837840547,9.959999999999999
Malta,2013,WESTERN EUROPE                     ,25191,402728,5.462744085337995,10.043999999999999
Malta,2014,WESTERN EUROPE                     ,27634,406525,7.871594612877438,10.068000000000003
Malta,2015,WESTERN EUROPE                     ,25750,410637,8.279818915489837,0.0
Mauritius,2011,SUB-SAHARAN AFRICA                 ,9817,1173352,10.056658189528804,9.144000000000002
Mauritius,2012,SUB-SAHARAN AFRICA                 ,9884,1180547,9.741247065978737,9.264000000000001
Mauritius,2013,SUB-SAHARAN AFRICA                 ,10572,1147390,8.541123767855742,9.300000000000002
Mauritius,2014,SUB-SAHARAN AFRICA                 ,11120,1151424,10.421877605469401,9.324
Mauritius,2015,SUB-SAHARAN AFRICA                 ,10125,1154848,9.005514145584527,0.0
Mauritius,2016,SUB-SAHARAN AFRICA                 ,10570,992432,9.874731971560772,0.0
Mexico,2011,LATIN AMER. & CARIB    ,10965,107655100,5.1627837417827855,8.976
Mexico,2012,LATIN AMER. & CARIB    ,10982,109368765,4.920051899644291,9.047999999999998
Mexico,2013,LATIN AMER. & CARIB    ,11478,111036708,5.143344127241236,9.06
Mexico,2014,LATIN AMER. & CARIB    ,11663,112692589,5.482170615496286,9.072000000000001
Mexico,2015,LATIN AMER. & CARIB    ,10228,114357884,5.451307581032192,0.0
Mongolia,2016,WESTERN ASIA,4145,2167589,19.514769635756593,0.0
Netherlands,2011,WESTERN EUROPE                     ,56667,15772162,10.461470025479068,11.028000000000004
Netherlands,2012,WESTERN EUROPE                     ,52334,15839503,11.086206429583049,11.040000000000001
Netherlands,2013,WESTERN EUROPE                     ,54510,15899508,11.673317186921759,11.040000000000001
Netherlands,2014,WESTERN EUROPE                     ,55325,15899508,11.566395639412239,11.064000000000002
Netherlands,2015,WESTERN EUROPE                     ,47206,16057342,11.664446083293237,0.0
Netherlands,2016,WESTERN EUROPE                     ,48108,14239554,13.244796852485688,0.0
New Zealand,2011,OCEANIA                            ,41184,4090460,12.052434200554462,10.884
New Zealand,2012,OCEANIA                            ,42756,4120870,13.322429486977265,10.908000000000001
New Zealand,2013,OCEANIA                            ,46198,4129770,12.421999288095948,10.931999999999997
Nicaragua,2011,LATIN AMER. & CARIB    ,1888,5177921,7.126412318766548,7.476000000000002
Nicaragua,2012,LATIN AMER. & CARIB    ,2006,5251443,6.017393695409052,7.5
Nicaragua,2013,LATIN AMER. & CARIB    ,2062,5326935,6.589154926801247,7.5360000000000005
Nicaragua,2014,LATIN AMER. & CARIB    ,2199,5402424,5.756675151746697,7.572000000000002
Nicaragua,2015,LATIN AMER. & CARIB    ,2303,5476483,5.751866663331192,0.0
Norway,2011,NORDIC STATES,107430,4643300,12.878771563327806,11.292000000000002
Norway,2012,NORDIC STATES,108408,4706585,10.9421162052741,11.304
Norway,2013,NORDIC STATES,109804,4767605,11.620090171060733,11.304
Norway,2014,NORDIC STATES,103443,4827178,11.35238849696448,11.328000000000003
Norway,2015,NORDIC STATES,79187,4882909,12.082961202021172,0.0
Oman,2014,MIDDLE EAST,22328,3631098,0.1927791538537379,9.516
Panama,2011,LATIN AMER. & CARIB    ,10403,3334191,4.318888749924644,9.108000000000002
Panama,2012,LATIN AMER. & CARIB    ,11908,3395244,3.9761501677051783,9.264000000000001
Panama,2013,LATIN AMER. & CARIB    ,13189,3457387,3.7600650433405343,9.324
Panama,2014,LATIN AMER. & CARIB    ,14181,3520213,4.175883675220789,9.360000000000001
Panama,2015,LATIN AMER. & CARIB    ,15158,3583382,3.069725750701432,0.0
Paraguay,2011,LATIN AMER. & CARIB    ,4474,5610499,5.311470512694147,8.052000000000001
Paraguay,2012,LATIN AMER. & CARIB    ,4319,5695283,4.828557246409002,8.028000000000002
Paraguay,2013,LATIN AMER. & CARIB    ,5006,5786207,5.582240663011192,8.123999999999999
Paraguay,2014,LATIN AMER. & CARIB    ,5254,5877594,6.448216736304005,8.148000000000001
Philippines,2011,OCEANIA                            ,2662,84201767,2.9084900320441016,7.836000000000002
Poland,2011,EASTERN EUROPE                     ,14686,36008237,16.976671198870413,9.996
Poland,2012,EASTERN EUROPE                     ,13894,36013446,17.68228455560737,10.055999999999997
Poland,2013,EASTERN EUROPE                     ,14552,36023694,17.260861698414384,10.08
Poland,2014,EASTERN EUROPE                     ,15119,36059630,16.4560756724348,10.116
Poland,2015,EASTERN EUROPE                     ,13228,36086575,15.01943589825302,0.0
Portugal,2011,WESTERN EUROPE                     ,24337,10062815,10.106515920246968,9.899999999999999
Portugal,2012,WESTERN EUROPE                     ,21573,10029396,10.7284626113078,9.924000000000001
Portugal,2013,WESTERN EUROPE                     ,22641,9985074,10.535725624066481,9.936
Portugal,2014,WESTERN EUROPE                     ,23091,9944433,12.288282298246667,9.959999999999999
Puerto Rico,2011,LATIN AMER. & CARIB    ,28876,3475298,7.4238237987073346,0.0
Puerto Rico,2012,LATIN AMER. & CARIB    ,29247,3472672,7.141474921904517,0.0
Puerto Rico,2013,LATIN AMER. & CARIB    ,29510,3471665,6.941914038364876,0.0
Puerto Rico,2014,LATIN AMER. & CARIB    ,29515,3470956,6.338311404696573,0.0
Puerto Rico,2015,LATIN AMER. & CARIB    ,29728,3469521,6.513867476230869,0.0
Qatar,2011,MIDDLE EAST,90490,1854081,2.696753809569269,10.091999999999999
Qatar,2012,MIDDLE EAST,93270,2003149,2.146620146579211,10.176000000000002
Qatar,2013,MIDDLE EAST,93066,2135349,1.7327378334876407,10.188
Qatar,2014,MIDDLE EAST,91587,2251682,2.4426184514509597,10.199999999999998
Qatar,2015,MIDDLE EAST,69937,2354147,2.8035632439265687,0.0
Qatar,2016,MIDDLE EAST,62484,2213121,3.0725839210779706,0.0
Romania,2011,EASTERN EUROPE                     ,9086,20291701,12.497720127060811,9.431999999999997
Romania,2012,EASTERN EUROPE                     ,9015,19041594,13.10289464211872,9.456000000000001
Romania,2013,EASTERN EUROPE                     ,10080,19003345,12.666191136349942,9.492
Romania,2014,EASTERN EUROPE                     ,10526,18952235,11.655617398159109,9.516
Romania,2015,EASTERN EUROPE                     ,9431,18863927,11.810902364072973,0.0
Romania,2016,EASTERN EUROPE                     ,10020,16644905,11.733320196180152,0.0
Russia,2011,EASTERN EUROPE                     ,15226,134745874,23.034471541592435,0.0
Russia,2012,EASTERN EUROPE                     ,16413,134668522,22.011825450939458,0.0
Russia,2013,EASTERN EUROPE                     ,17052,134713962,21.296975884355625,0.0
Russia,2014,EASTERN EUROPE                     ,15319,134713962,19.701744055304378,0.0
Russia,2015,EASTERN EUROPE                     ,9987,137018943,18.560937227489777,0.0
Saint Lucia,2011,LATIN AMER. & CARIB    ,8826,162892,4.911229526311913,8.760000000000002
Saint Lucia,2012,LATIN AMER. & CARIB    ,8764,163940,6.09979260705136,8.760000000000002
Saint Lucia,2013,LATIN AMER. & CARIB    ,9041,164790,8.495661144486922,8.748000000000001
Saint Lucia,2014,LATIN AMER. & CARIB    ,9372,165596,8.45431049059156,8.748000000000001
Saint Vincent and Grenadines,2011,LATIN AMER. & CARIB    ,6759,100037,4.998150684246829,8.556
Saint Vincent and Grenadines,2012,LATIN AMER. & CARIB    ,6918,100167,9.98332784250302,8.58
Saint Vincent and Grenadines,2013,LATIN AMER. & CARIB    ,7183,100398,0.0,8.604000000000003
Saint Vincent and Grenadines,2014,LATIN AMER. & CARIB    ,7203,100676,1.9865707815169455,8.639999999999999
Saint Vincent and Grenadines,2015,LATIN AMER. & CARIB    ,7496,100948,2.9718270792883463,0.0
Serbia,2011,EASTERN EUROPE                     ,6734,6900027,18.202827322269897,9.132
Serbia,2012,EASTERN EUROPE                     ,5933,6867174,18.100604411654636,9.144000000000002
Serbia,2013,EASTERN EUROPE                     ,6662,6832840,17.518337909273452,9.251999999999999
Serbia,2014,EASTERN EUROPE                     ,6500,6801810,16.672032885364338,9.251999999999999
Serbia,2015,EASTERN EUROPE                     ,5492,6766406,15.695185893367913,0.0
Seychelles,2011,SUB-SAHARAN AFRICA                 ,13204,80717,6.194481955474064,9.024
Seychelles,2012,SUB-SAHARAN AFRICA                 ,13044,81224,3.693489608982567,9.132
Seychelles,2013,SUB-SAHARAN AFRICA                 ,16090,82541,10.903672114464328,9.204
Seychelles,2014,SUB-SAHARAN AFRICA                 ,16018,83845,4.770707853777805,9.264000000000001
Seychelles,2015,SUB-SAHARAN AFRICA                 ,16005,85949,8.144364681380818,0.0
Singapore,2011,SOUTHEAST ASIA,76638,3600900,8.553417201255241,10.836000000000004
Singapore,2012,SOUTHEAST ASIA,80040,3631600,10.79414032382421,10.86
Singapore,2013,SOUTHEAST ASIA,83151,3661456,9.750219584777202,10.908000000000001
Singapore,2014,SOUTHEAST ASIA,84442,3689370,9.622239027259397,10.944000000000003
Singapore,2015,SOUTHEAST ASIA,81766,3719115,8.846190558775406,0.0
Slovakia,2012,EASTERN EUROPE                     ,18256,5116922,11.159052258369387,10.032000000000002
Slovakia,2013,EASTERN EUROPE                     ,19226,5122209,12.02606141217588,10.08
Slovakia,2014,EASTERN EUROPE                     ,19679,5129686,10.799881318271723,10.128
Slovenia,2011,EASTERN EUROPE                     ,26377,1944561,22.370087644460625,10.524000000000001
Slovenia,2012,EASTERN EUROPE                     ,23820,1945988,22.610622470436613,10.536
Slovenia,2013,EASTERN EUROPE                     ,24697,1948276,22.89203377755513,10.536
Slovenia,2014,EASTERN EUROPE                     ,25569,1951786,19.879228562967455,10.560000000000002
Slovenia,2015,EASTERN EUROPE                     ,22036,1954632,21.589741700739577,0.0
South Africa,2011,SUB-SAHARAN AFRICA                 ,8906,46806739,0.7648471302390879,7.8119999999999985
South Africa,2012,SUB-SAHARAN AFRICA                 ,8347,47484256,1.0256030967401069,7.907999999999999
South Africa,2013,SUB-SAHARAN AFRICA                 ,7612,48192699,1.2180268218636188,7.956
South Africa,2014,SUB-SAHARAN AFRICA                 ,7174,48912129,1.185799947493596,7.992000000000001
South Africa,2015,SUB-SAHARAN AFRICA                 ,6403,49627460,0.9712364888309818,0.0
South Korea,2011,WESTERN ASIA,25157,47798017,33.277531157830246,0.0
South Korea,2012,WESTERN ASIA,25464,48020985,29.48502618178282,0.0
South Korea,2013,WESTERN ASIA,27060,48248224,29.899546147025017,0.0
South Korea,2014,WESTERN ASIA,29120,48465917,28.543770254052966,0.0
South Korea,2015,WESTERN ASIA,28410,48671752,27.757373517189187,0.0
Spain,2011,WESTERN EUROPE                     ,34097,43642571,7.2864634853890715,10.439999999999998
Spain,2012,WESTERN EUROPE                     ,30146,44318859,7.985313881839782,10.488000000000005
Spain,2013,WESTERN EUROPE                     ,30792,44227625,8.756970332456243,10.488000000000005
Spain,2014,WESTERN EUROPE                     ,31171,44172771,8.85387063446846,10.511999999999995
Spain,2015,WESTERN EUROPE                     ,27108,44186528,8.156332174367718,0.0
Suriname,2011,LATIN AMER. & CARIB    ,9184,481521,26.374758317913443,8.508
Suriname,2012,LATIN AMER. & CARIB    ,10227,486964,27.312080564477046,8.532000000000002
Suriname,2013,LATIN AMER. & CARIB    ,10451,492359,26.606602093188098,8.556
Suriname,2014,LATIN AMER. & CARIB    ,10530,497701,25.71825252511046,8.568000000000003
Sweden,2011,WESTERN EUROPE                     ,63380,8884644,12.515977004818652,10.836000000000004
Sweden,2012,WESTERN EUROPE                     ,60776,8948909,12.89542669391319,10.848
Sweden,2013,WESTERN EUROPE                     ,64133,9024081,13.63019680341965,10.86
Sweden,2014,WESTERN EUROPE                     ,62956,9114524,12.595281991687113,10.884
Sweden,2015,WESTERN EUROPE                     ,54629,9114524,12.968312991440913,0.0
Sweden,2016,WESTERN EUROPE                     ,55594,8125852,13.906234078592618,0.0
Switzerland,2011,WESTERN EUROPE                     ,93053,7518040,13.753584710908694,11.100000000000001
Switzerland,2012,WESTERN EUROPE                     ,87951,7595591,13.66582271214972,11.123999999999997
Switzerland,2013,WESTERN EUROPE                     ,89634,7681318,13.942919691646669,11.136000000000003
Switzerland,2014,WESTERN EUROPE                     ,90809,7809621,13.214469690654642,11.159999999999998
Switzerland,2015,WESTERN EUROPE                     ,86068,7892502,13.59518185741353,0.0
Thailand,2011,SOUTHEAST ASIA,6153,60261832,6.426953631280244,8.652
Thailand,2012,SOUTHEAST ASIA,6584,60382255,6.59962103104629,8.688
Thailand,2013,SOUTHEAST ASIA,6917,60766487,6.5183955755085865,8.688
Thailand,2014,SOUTHEAST ASIA,6662,61139919,6.463862014602931,8.712
Thailand,2015,SOUTHEAST ASIA,6552,61261276,6.864042466239195,0.0
Thailand,2016,SOUTHEAST ASIA,6713,53442001,7.703678610387362,0.0
Trinidad and Tobago,2011,LATIN AMER. & CARIB    ,20557,1237186,11.235174015871502,9.204
Turkey,2011,MIDDLE EAST,12237,68034357,1.6873827439862479,9.011999999999997
Turkey,2012,MIDDLE EAST,12671,68976439,2.102167089257826,9.072000000000001
Turkey,2013,MIDDLE EAST,13603,69880352,2.590141503580291,9.108000000000002
Turkey,2014,MIDDLE EAST,13170,70931420,2.279666754169027,9.132
Turkey,2015,MIDDLE EAST,11961,71880464,2.131316236355959,0.0
Turkmenistan,2011,CENTRAL ASIA,6319,4626095,2.8101454898786122,8.052000000000001
Turkmenistan,2012,CENTRAL ASIA,7498,4690058,2.9423943158059025,8.123999999999999
Turkmenistan,2013,CENTRAL ASIA,8255,4748055,2.127186816496439,8.184000000000003
Turkmenistan,2014,CENTRAL ASIA,9046,4811227,2.8267217489426297,8.255999999999998
Turkmenistan,2015,CENTRAL ASIA,7326,4886514,2.72177671035016,0.0
Ukraine,2011,EASTERN EUROPE                     ,3788,43074791,20.83120960470824,8.855999999999998
Ukraine,2012,EASTERN EUROPE                     ,4096,42915935,21.106379250504503,8.916000000000002
Ukraine,2014,EASTERN EUROPE                     ,3299,40464165,19.691497402701874,8.964
Ukraine,2015,EASTERN EUROPE                     ,2256,40345446,18.772874638689085,0.0
United Kingdom,2011,WESTERN EUROPE                     ,44491,58881852,7.460702832512809,10.812
United Kingdom,2012,WESTERN EUROPE                     ,44585,59708630,7.442810193434349,10.812
United Kingdom,2013,WESTERN EUROPE                     ,45594,60091793,8.027718527220514,10.823999999999998
United Kingdom,2014,WESTERN EUROPE                     ,49906,60570482,7.9048405129085815,10.884
United Kingdom,2015,WESTERN EUROPE                     ,47240,61082942,8.038250678888389,0.0
United States,2011,NORTHERN AMERICA                   ,53452,290313825,13.608721527471179,10.931999999999997
United States,2012,NORTHERN AMERICA                   ,55170,292827128,13.863469644110294,10.944000000000003
United States,2013,NORTHERN AMERICA                   ,56520,295322862,13.931532330876571,10.956000000000001
United States,2014,NORTHERN AMERICA                   ,58531,297749735,14.364076596071529,10.979999999999997
United States,2015,NORTHERN AMERICA                   ,60387,300078511,14.72581287235193,0.0
Uruguay,2012,LATIN AMER. & CARIB    ,16264,3151939,19.004174890440456,9.456000000000001
Uruguay,2013,LATIN AMER. & CARIB    ,18179,3164670,17.252983723421398,9.48
Uruguay,2014,LATIN AMER. & CARIB    ,18012,3177645,18.598679210547434,9.516
Uruguay,2015,LATIN AMER. & CARIB    ,16696,3190795,19.74429570060126,0.0
Uzbekistan,2011,CENTRAL ASIA,1767,25978049,6.3130221980873165,7.931999999999998
Uzbekistan,2012,CENTRAL ASIA,1964,26381830,6.95554478214741,8.016
Uzbekistan,2013,CENTRAL ASIA,2150,26838924,7.265566980255989,8.063999999999998
Uzbekistan,2014,CENTRAL ASIA,2309,27313507,7.670197752342824,8.1
